identification_number,image_url,full_size_direct_download,jpg_download_link,title,author,original_publisher,original_creation_year,scene_information,original_location,keywords,category,copyright_status
PXB000001,https://pixabay.com/en/deer-doe-ungulates-animal-zoo-3845300/,https://cdn.pixabay.com/photo/2018/11/29/08/18/deer-3845300_1280.jpg,https://cdn.pixabay.com/photo/2018/11/29/08/18/deer-3845300_640.jpg,Deer Doe Ungulates,RGY23,,2016,,,deer doe ungulates animal zoo wild world mammal,Animals,Royalty free
PXB000004,https://pixabay.com/en/thailand-feet-temple-dance-thai-3846725/,https://cdn.pixabay.com/photo/2018/11/29/22/55/thailand-3846725_1280.jpg,https://cdn.pixabay.com/photo/2018/11/29/22/55/thailand-3846725_640.jpg,Thailand Feet Temple,DerWeg,,2013,,,thailand feet temple dance thai festival,Religion,Royalty free
PXB000002,https://pixabay.com/en/baboon-collar-monkey-primate-3845301/,https://cdn.pixabay.com/photo/2018/11/29/08/18/baboon-3845301_1280.jpg,https://cdn.pixabay.com/photo/2018/11/29/08/18/baboon-3845301_640.jpg,Baboon Collar Monkey,RGY23,,2017,,,baboon collar monkey primate mammal africa,Animals,Royalty free
PXB000009,https://pixabay.com/en/thunderstorm-flashes-flash-weather-3625405/,https://cdn.pixabay.com/photo/2018/08/23/07/35/thunderstorm-3625405_1280.jpg,https://cdn.pixabay.com/photo/2018/08/23/07/35/thunderstorm-3625405_640.jpg,Thunderstorm Flashes Flash,O12,,2018,,,thunderstorm flashes flash weather sky forward,Science/Technology,Royalty free
PXB000008,https://pixabay.com/en/birds-orange-nature-3848050/,https://cdn.pixabay.com/photo/2018/11/30/16/00/birds-3848050_1280.jpg,https://cdn.pixabay.com/photo/2018/11/30/16/00/birds-3848050_640.jpg,Birds Orange,narisara123453,,2018,,,birds orange nature,Nature/Landscapes,Royalty free
PXB000005,https://pixabay.com/en/energy-strommast-electricity-3840406/,https://cdn.pixabay.com/photo/2018/11/26/22/43/energy-3840406_1280.jpg,https://cdn.pixabay.com/photo/2018/11/26/22/43/energy-3840406_640.jpg,Energy Strommast Electricity High,jplenio,,2018,,,energy strommast electricity high voltage pylon,Science/Technology,Royalty free
PXB000006,https://pixabay.com/en/city-lorca-night-murcia-lighting-3830003/,https://cdn.pixabay.com/photo/2018/11/21/16/10/city-3830003_1280.jpg,https://cdn.pixabay.com/photo/2018/11/21/16/10/city-3830003_640.jpg,City Lorca Night,enriquelopezgarre,,2018,,,city lorca night murcia lighting urban moon,Architecture/Buildings,Royalty free
PXB000010,https://pixabay.com/en/marble-statue-sculpture-figure-art-3848798/,https://cdn.pixabay.com/photo/2018/11/30/23/10/marble-statue-3848798_1280.jpg,https://cdn.pixabay.com/photo/2018/11/30/23/10/marble-statue-3848798_640.jpg,Marble Statue Sculpture Figure,RDLH,,2018,,,marble statue sculpture figure art french culture,,Royalty free
PXB000012,https://pixabay.com/en/new-year-s-day-clock-new-year-s-eve-3837635/,https://cdn.pixabay.com/photo/2018/11/25/15/33/new-years-day-3837635_1280.jpg,https://cdn.pixabay.com/photo/2018/11/25/15/33/new-years-day-3837635_640.jpg,New Year'S Day Clock,darkmoon1968,,ago,,,new year's day clock new year's eve timeline banner,Backgrounds/Textures,Royalty free
PXB000003,https://pixabay.com/en/tree-trunk-wood-pattern-bark-3832529/,https://cdn.pixabay.com/photo/2018/11/22/18/34/tree-3832529_1280.jpg,https://cdn.pixabay.com/photo/2018/11/22/18/34/tree-3832529_640.jpg,Tree Trunk Wood,enriquelopezgarre,,2018,,,tree trunk wood pattern bark,Backgrounds/Textures,Royalty free
PXB000011,https://pixabay.com/en/christmas-december-parties-joy-3844870/,https://cdn.pixabay.com/photo/2018/11/29/01/45/christmas-3844870_640.png,https://cdn.pixabay.com/photo/2018/11/29/01/45/christmas-3844870_640.png,Christmas December Parties,Jo-B,,ago,,,christmas december parties joy decoration pinheiro,Religion,Royalty free
PXB000014,https://pixabay.com/en/blow-bubbles-woman-girl-birds-3845629/,https://cdn.pixabay.com/photo/2018/11/29/12/13/blow-bubbles-3845629_1280.jpg,https://cdn.pixabay.com/photo/2018/11/29/12/13/blow-bubbles-3845629_640.jpg,Blow Bubbles Woman Girl,GimpWorkshop,,ago,,,blow bubbles woman girl birds sunshine trick,Beauty/Fashion,Royalty free
PXB000017,https://pixabay.com/en/robin-wild-bird-animal-world-bird-3831581/,https://cdn.pixabay.com/photo/2018/11/22/10/06/robin-3831581_1280.jpg,https://cdn.pixabay.com/photo/2018/11/22/10/06/robin-3831581_640.jpg,Robin Wild Bird Animal World,hasekura,,2017,,,robin wild bird animal world bird songbird,Animals,Royalty free
PXB000016,https://pixabay.com/en/zinnia-blossom-bloom-composites-3820822/,https://cdn.pixabay.com/photo/2018/11/17/10/34/zinnia-3820822_1280.jpg,https://cdn.pixabay.com/photo/2018/11/17/10/34/zinnia-3820822_640.jpg,Zinnia Blossom Bloom,Capri23auto,,2018,,,zinnia blossom bloom composites flower,Nature/Landscapes,Royalty free
PXB000007,https://pixabay.com/en/forest-autumn-nature-landscape-3849990/,https://cdn.pixabay.com/photo/2018/12/01/18/40/forest-3849990_1280.jpg,https://cdn.pixabay.com/photo/2018/12/01/18/40/forest-3849990_640.jpg,Forest Autumn Nature,MichaelGaida,,ago,,,forest autumn nature landscape trees forest path,Nature/Landscapes,Royalty free
PXB000023,https://pixabay.com/en/lights-stars-christmas-lights-3834143/,https://cdn.pixabay.com/photo/2018/11/23/15/49/lights-3834143_1280.jpg,https://cdn.pixabay.com/photo/2018/11/23/15/49/lights-3834143_640.jpg,Lights Stars Christmas,sweetlouise,,2018,,,lights stars christmas lights christmas decorations,Backgrounds/Textures,Royalty free
PXB000028,https://pixabay.com/en/bee-honey-bee-flower-pollen-insect-3820943/,https://cdn.pixabay.com/photo/2018/11/17/11/55/bee-3820943_1280.jpg,https://cdn.pixabay.com/photo/2018/11/17/11/55/bee-3820943_640.jpg,Bee Honey Flower,Capri23auto,,2018,,,bee honey bee flower pollen insect blossom bloom,Nature/Landscapes,Royalty free
PXB000018,https://pixabay.com/en/cow-white-meadow-beef-herkauwer-3848624/,https://cdn.pixabay.com/photo/2018/11/30/21/05/cow-3848624_1280.jpg,https://cdn.pixabay.com/photo/2018/11/30/21/05/cow-3848624_640.jpg,Cow White Meadow,Sonja-Kalee,,2014,,,cow white meadow beef herkauwer farm face,,Royalty free
PXB000024,https://pixabay.com/en/bird-avian-purple-sunbird-3848319/,https://cdn.pixabay.com/photo/2018/11/30/18/30/bird-3848319_1280.jpg,https://cdn.pixabay.com/photo/2018/11/30/18/30/bird-3848319_640.jpg,Bird Avian Purple,ambadysasi,,2018,,,bird avian purple sunbird purple rumped sunbird,Animals,Royalty free
PXB000013,https://pixabay.com/en/cookie-christmas-cookies-cookies-3835993/,https://cdn.pixabay.com/photo/2018/11/24/18/05/cookie-3835993_1280.jpg,https://cdn.pixabay.com/photo/2018/11/24/18/05/cookie-3835993_640.jpg,Cookie Christmas Cookies,RitaE,,2018,,,cookie christmas cookies cookies bake christmas,Industry/Craft,Royalty free
PXB000025,https://pixabay.com/en/dog-comfort-heat-training-snow-3849781/,https://cdn.pixabay.com/photo/2018/12/01/16/28/dog-3849781_1280.jpg,https://cdn.pixabay.com/photo/2018/12/01/16/28/dog-3849781_640.jpg,Dog Comfort Heat,_Asma_,,2018,,,dog comfort heat training snow winter pet,Animals,Royalty free
PXB000020,https://pixabay.com/en/christmas-decoration-background-3846247/,https://cdn.pixabay.com/photo/2018/11/29/18/29/christmas-3846247_640.png,https://cdn.pixabay.com/photo/2018/11/29/18/29/christmas-3846247_640.png,Christmas Decoration Background,Alexandra_Koch,,ago,,,christmas decoration background christmas time,Backgrounds/Textures,Royalty free
PXB000021,https://pixabay.com/en/gang-railway-station-architecture-3850010/,https://cdn.pixabay.com/photo/2018/12/01/18/46/gang-3850010_1280.jpg,https://cdn.pixabay.com/photo/2018/12/01/18/46/gang-3850010_640.jpg,Gang Railway Station Architecture,MichaelGaida,,ago,,,gang railway station architecture building passage,Architecture/Buildings,Royalty free
PXB000022,https://pixabay.com/en/kleiber-tree-runner-forest-bird-3819501/,https://cdn.pixabay.com/photo/2018/11/16/14/12/kleiber-3819501_1280.jpg,https://cdn.pixabay.com/photo/2018/11/16/14/12/kleiber-3819501_640.jpg,Kleiber Tree Runner Forest,hasekura,,2016,,,kleiber tree runner forest bird nature,Nature/Landscapes,Royalty free
PXB000026,https://pixabay.com/en/nuts-walnuts-fruit-bowl-eat-3836408/,https://cdn.pixabay.com/photo/2018/11/24/22/00/nuts-3836408_1280.jpg,https://cdn.pixabay.com/photo/2018/11/24/22/00/nuts-3836408_640.jpg,Nuts Walnuts Fruit Bowl,Couleur,,2018,,,nuts walnuts fruit bowl eat healthy decoration,,Royalty free
PXB000085,https://pixabay.com/en/idea-choice-success-lightbulb-bulb-3845389/,https://cdn.pixabay.com/photo/2018/11/29/09/40/idea-3845389_1280.jpg,https://cdn.pixabay.com/photo/2018/11/29/09/40/idea-3845389_640.jpg,Idea Choice Success,TheDigitalArtist,,ago,,,idea choice success lightbulb bulb business,Business/Finance,Royalty free
PXB000044,https://pixabay.com/en/clouds-sky-air-high-nature-3843325/,https://cdn.pixabay.com/photo/2018/11/28/10/24/clouds-3843325_1280.jpg,https://cdn.pixabay.com/photo/2018/11/28/10/24/clouds-3843325_640.jpg,Clouds Sky Air,Konevi,,2018,,,clouds sky air high nature landscape beautiful,Nature/Landscapes,Royalty free
PXB000062,https://pixabay.com/en/aster-composites-purple-violet-3837040/,https://cdn.pixabay.com/photo/2018/11/25/09/35/aster-3837040_1280.jpg,https://cdn.pixabay.com/photo/2018/11/25/09/35/aster-3837040_640.jpg,Aster Composites Purple,Capri23auto,,2018,,,aster composites purple violet blossom bloom,Nature/Landscapes,Royalty free
PXB000067,https://pixabay.com/en/sunflower-bee-insect-sprinkle-3820795/,https://cdn.pixabay.com/photo/2018/11/17/10/02/sunflower-3820795_1280.jpg,https://cdn.pixabay.com/photo/2018/11/17/10/02/sunflower-3820795_640.jpg,Sunflower Bee Insect,Capri23auto,,2018,,,sunflower bee insect sprinkle pollen blossom,Animals,Royalty free
PXB000033,https://pixabay.com/en/zoo-jaguar-feline-predator-wild-3823448/,https://cdn.pixabay.com/photo/2018/11/18/15/52/zoo-3823448_1280.jpg,https://cdn.pixabay.com/photo/2018/11/18/15/52/zoo-3823448_640.jpg,Zoo Jaguar Feline,edmondlafoto,,ago,,,zoo jaguar feline predator wild nature tawny,Nature/Landscapes,Royalty free
PXB000032,https://pixabay.com/en/raven-crow-raven-bird-bird-3815866/,https://cdn.pixabay.com/photo/2018/11/14/18/56/raven-3815866_1280.jpg,https://cdn.pixabay.com/photo/2018/11/14/18/56/raven-3815866_640.jpg,Raven Crow Bird,Capri23auto,,2018,,,raven crow raven bird bird common raven jackdaw,Animals,Royalty free
PXB000038,https://pixabay.com/en/rock-rocky-coast-sea-nature-3843838/,https://cdn.pixabay.com/photo/2018/11/28/14/37/rock-3843838_1280.jpg,https://cdn.pixabay.com/photo/2018/11/28/14/37/rock-3843838_640.jpg,Rock Rocky Coast Sea,dimitrisvetsikas1969,,2018,,,rock rocky coast sea nature landscape erosion sky,Nature/Landscapes,Royalty free
PXB000045,https://pixabay.com/en/bird-wildlife-dove-nature-3847090/,https://cdn.pixabay.com/photo/2018/11/30/06/50/bird-3847090_1280.jpg,https://cdn.pixabay.com/photo/2018/11/30/06/50/bird-3847090_640.jpg,Bird Wildlife Dove,GeorgeB2,,2018,,,bird wildlife dove nature bird feeder,Animals,Royalty free
PXB000034,https://pixabay.com/en/flowers-spring-nature-plants-3848141/,https://cdn.pixabay.com/photo/2018/11/30/16/47/flowers-3848141_1280.jpg,https://cdn.pixabay.com/photo/2018/11/30/16/47/flowers-3848141_640.jpg,Flowers Spring Nature,Baekyoungsuk,,2013,,,flowers spring nature plants garden petal,Nature/Landscapes,Royalty free
PXB000040,https://pixabay.com/en/celebrities-paper-origami-3834584/,https://cdn.pixabay.com/photo/2018/11/23/21/00/celebrities-3834584_1280.jpg,https://cdn.pixabay.com/photo/2018/11/23/21/00/celebrities-3834584_640.jpg,Celebrities Paper Origami,_Alicja_,,2018,,,celebrities paper origami creativity newspapers,,Royalty free
PXB000064,https://pixabay.com/en/roses-flowers-plant-romance-3832893/,https://cdn.pixabay.com/photo/2018/11/22/22/01/roses-3832893_1280.jpg,https://cdn.pixabay.com/photo/2018/11/22/22/01/roses-3832893_640.jpg,Roses Flowers Plant,Alexas_Fotos,,2018,,,roses flowers plant romance blossom bloom nature,Nature/Landscapes,Royalty free
PXB000074,https://pixabay.com/en/heron-bird-predator-wading-bird-3846781/,https://cdn.pixabay.com/photo/2018/11/29/23/36/heron-3846781_1280.jpg,https://cdn.pixabay.com/photo/2018/11/29/23/36/heron-3846781_640.jpg,Heron Bird Predator Wading,MabelAmber,,2018,,,heron bird predator wading bird animal flight,Animals,Royalty free
PXB000031,https://pixabay.com/en/canada-goose-goose-water-bird-3835490/,https://cdn.pixabay.com/photo/2018/11/24/12/46/canada-goose-3835490_1280.jpg,https://cdn.pixabay.com/photo/2018/11/24/12/46/canada-goose-3835490_640.jpg,Canada Goose Water Bird Wild,Capri23auto,,2018,,,canada goose goose water bird wild goose,Animals,Royalty free
PXB000053,https://pixabay.com/en/rose-stem-plant-perfume-garden-3842744/,https://cdn.pixabay.com/photo/2018/11/28/01/05/rose-3842744_640.png,https://cdn.pixabay.com/photo/2018/11/28/01/05/rose-3842744_640.png,Rose Stem Plant,Buntysmum,,ago,,,rose stem plant perfume garden nature,Nature/Landscapes,Royalty free
PXB000086,https://pixabay.com/en/water-lily-pond-lake-lily-pad-3823928/,https://cdn.pixabay.com/photo/2018/11/18/19/42/water-lily-3823928_1280.jpg,https://cdn.pixabay.com/photo/2018/11/18/19/42/water-lily-3823928_640.jpg,Water Lily Pond Lake,Capri23auto,,2018,,,water lily pond lake lily pad blossom bloom bloom,Nature/Landscapes,Royalty free
PXB000051,https://pixabay.com/en/house-north-sea-building-3841887/,https://cdn.pixabay.com/photo/2018/11/27/17/27/house-3841887_1280.jpg,https://cdn.pixabay.com/photo/2018/11/27/17/27/house-3841887_640.jpg,House North Sea Building Thatched,kordi_vahle,,ago,,,house north sea building thatched roof landscape,Architecture/Buildings,Royalty free
PXB000019,https://pixabay.com/en/animal-tiger-big-cat-amurtiger-cat-3834035/,https://cdn.pixabay.com/photo/2018/11/23/14/49/animal-3834035_1280.jpg,https://cdn.pixabay.com/photo/2018/11/23/14/49/animal-3834035_640.jpg,Animal Tiger Big Cat,Gellinger,,2015,,,animal tiger big cat amurtiger cat predator head,Animals,Royalty free
PXB000015,https://pixabay.com/en/tree-forest-lane-road-3812753/,https://cdn.pixabay.com/photo/2018/11/13/10/28/tree-3812753_1280.jpg,https://cdn.pixabay.com/photo/2018/11/13/10/28/tree-3812753_640.jpg,Tree Forest Lane,MabelAmber,,2018,,,tree forest lane road carpet of leaves,Nature/Landscapes,Royalty free
PXB000027,https://pixabay.com/en/industrial-park-factory-3829647/,https://cdn.pixabay.com/photo/2018/11/21/13/27/industrial-park-3829647_1280.jpg,https://cdn.pixabay.com/photo/2018/11/21/13/27/industrial-park-3829647_640.jpg,Industrial Park Factory Heavy,Nennieinszweidrei,,2011,,,industrial park factory heavy industry steel,,Royalty free
PXB000049,https://pixabay.com/en/hibiscus-blossom-bloom-3842083/,https://cdn.pixabay.com/photo/2018/11/27/18/48/hibiscus-3842083_1280.jpg,https://cdn.pixabay.com/photo/2018/11/27/18/48/hibiscus-3842083_640.jpg,Hibiscus Blossom Bloom,ulleo,,2018,,,hibiscus blossom bloom hibiscus flower closed bud,Nature/Landscapes,Royalty free
PXB000030,https://pixabay.com/en/girl-jumping-for-joy-girl-happy-3849870/,https://cdn.pixabay.com/photo/2018/12/01/17/15/girl-jumping-for-joy-3849870_1280.jpg,https://cdn.pixabay.com/photo/2018/12/01/17/15/girl-jumping-for-joy-3849870_640.jpg,Girl Jumping For Joy Happy,DeanMarston,,2016,,,girl jumping for joy girl happy happy joy nature,Emotions,Royalty free
PXB000063,https://pixabay.com/en/mountain-valley-landscape-nature-3846170/,https://cdn.pixabay.com/photo/2018/11/29/17/34/mountain-3846170_1280.jpg,https://cdn.pixabay.com/photo/2018/11/29/17/34/mountain-3846170_640.jpg,Mountain Valley Landscape,enriquelopezgarre,,2018,,,mountain valley landscape nature lauterbrunnen,Nature/Landscapes,Royalty free
PXB000029,https://pixabay.com/en/bull-moose-moose-elk-animal-mammal-3850664/,https://cdn.pixabay.com/photo/2018/12/02/04/39/bull-moose-3850664_1280.jpg,https://cdn.pixabay.com/photo/2018/12/02/04/39/bull-moose-3850664_640.jpg,Bull Moose Elk,MikeGoad,,ago,,,bull moose moose elk animal mammal antler forest,Animals,Royalty free
PXB000112,https://pixabay.com/en/animal-sky-bird-wild-birds-heron-3839135/,https://cdn.pixabay.com/photo/2018/11/26/10/41/animal-3839135_1280.jpg,https://cdn.pixabay.com/photo/2018/11/26/10/41/animal-3839135_640.jpg,Animal Sky Bird Wild,Sky-High,,ago,,,animal sky bird wild birds heron egret feathers,Animals,Royalty free
PXB000081,https://pixabay.com/en/horses-ranch-panorama-landscape-3848298/,https://cdn.pixabay.com/photo/2018/11/30/18/15/horses-3848298_1280.jpg,https://cdn.pixabay.com/photo/2018/11/30/18/15/horses-3848298_640.jpg,Horses Ranch Panorama,skeeze,,ago,,,horses ranch panorama landscape nature animals,Nature/Landscapes,Royalty free
