identification_number,image_url,full_size_direct_download,jpg_download_link,title,author,original_creation_year,original_location,keywords,category,copyright_status
PXB000003,https://pixabay.com/en/dove-fly-bird-animal-3848870/,https://cdn.pixabay.com/photo/2018/12/01/00/46/dove-3848870_1280.jpg,https://cdn.pixabay.com/photo/2018/12/01/00/46/dove-3848870__340.jpg,Dove Fly Bird,kieutruongphoto,2018,,dove fly bird animal,Animals,CC0
PXB000009,https://pixabay.com/en/herzchen-heart-love-eat-3842211/,https://cdn.pixabay.com/photo/2018/11/27/19/41/herzchen-3842211_1280.jpg,https://cdn.pixabay.com/photo/2018/11/27/19/41/herzchen-3842211__340.jpg,Herzchen Heart Love,ulleo,2018,,herzchen heart love eat marshmallow sweetness,Emotions,CC0
PXB000002,https://pixabay.com/en/christmas-merry-christmas-decoration-3852662/,https://cdn.pixabay.com/photo/2018/12/03/03/23/christmas-3852662_1280.jpg,https://cdn.pixabay.com/photo/2018/12/03/03/23/christmas-3852662__340.jpg,Christmas Merry,fernandozhiminaicela,2018,,christmas merry christmas decoration december,,CC0
PXB000011,https://pixabay.com/en/bladder-cherry-flower-lampionblume-3849923/,https://cdn.pixabay.com/photo/2018/12/01/18/03/bladder-cherry-3849923_1280.jpg,https://cdn.pixabay.com/photo/2018/12/01/18/03/bladder-cherry-3849923__340.jpg,Bladder Cherry Flower Lampionblume,Capri23auto,2018,,bladder cherry flower lampionblume physalis,Nature/Landscapes,CC0
PXB000004,https://pixabay.com/en/mushrooms-forest-autumn-nature-3843236/,https://cdn.pixabay.com/photo/2018/11/28/09/54/mushrooms-3843236_1280.jpg,https://cdn.pixabay.com/photo/2018/11/28/09/54/mushrooms-3843236__340.jpg,Mushrooms Forest Autumn,Elsemargriet,2018,,mushrooms forest autumn nature moist forest floor,Nature/Landscapes,CC0
PXB000014,https://pixabay.com/en/christmas-advent-teddy-teddy-bear-3852169/,https://cdn.pixabay.com/photo/2018/12/02/21/02/christmas-3852169_1280.jpg,https://cdn.pixabay.com/photo/2018/12/02/21/02/christmas-3852169__340.jpg,Christmas Advent Teddy,suju,ago,,christmas advent teddy teddy bear bear nicholas,,CC0
PXB000024,https://pixabay.com/en/swallows-songbirds-barn-swallow-3850033/,https://cdn.pixabay.com/photo/2018/12/01/19/01/swallows-3850033_1280.jpg,https://cdn.pixabay.com/photo/2018/12/01/19/01/swallows-3850033__340.jpg,Swallows Songbirds Barn Swallow,Capri23auto,2018,,swallows songbirds barn swallow bird flying animal,Animals,CC0
PXB000008,https://pixabay.com/en/tit-food-bird-feed-small-bird-3842265/,https://cdn.pixabay.com/photo/2018/11/27/20/10/tit-3842265_1280.jpg,https://cdn.pixabay.com/photo/2018/11/27/20/10/tit-3842265__340.jpg,Tit Food Bird,hasekura,2015,,tit food bird feed small bird songbird,Food/Drink,CC0
PXB000045,https://pixabay.com/en/swallows-songbirds-barn-swallow-3850033/,https://cdn.pixabay.com/photo/2018/12/01/19/01/swallows-3850033_1280.jpg,https://cdn.pixabay.com/photo/2018/12/01/19/01/swallows-3850033__340.jpg,Swallows Songbirds Barn Swallow,Capri23auto,2018,,swallows songbirds barn swallow bird flying animal,Animals,CC0
PXB000012,https://pixabay.com/en/water-lily-pond-lake-lily-pad-3849925/,https://cdn.pixabay.com/photo/2018/12/01/18/04/water-lily-3849925_1280.jpg,https://cdn.pixabay.com/photo/2018/12/01/18/04/water-lily-3849925__340.jpg,Water Lily Pond Lake,Capri23auto,2018,,water lily pond lake lily pad blossom bloom bloom,Nature/Landscapes,CC0
PXB000036,https://pixabay.com/en/oak-leaves-leaves-fall-foliage-3851310/,https://cdn.pixabay.com/photo/2018/12/02/14/40/oak-leaves-3851310_1280.jpg,https://cdn.pixabay.com/photo/2018/12/02/14/40/oak-leaves-3851310__340.jpg,Oak Leaves Fall Foliage,Hans,2018,,oak leaves leaves fall foliage golden october,Nature/Landscapes,CC0
PXB000015,https://pixabay.com/en/heron-wading-bird-animal-wildlife-3851559/,https://cdn.pixabay.com/photo/2018/12/02/16/24/heron-3851559_1280.jpg,https://cdn.pixabay.com/photo/2018/12/02/16/24/heron-3851559__340.jpg,Heron Wading Bird Animal,MabelAmber,2018,,heron wading bird animal wildlife flight flying,Animals,CC0
PXB000017,https://pixabay.com/en/paper-writing-stationary-letter-3851919/,https://cdn.pixabay.com/photo/2018/12/02/19/27/paper-3851919_1280.jpg,https://cdn.pixabay.com/photo/2018/12/02/19/27/paper-3851919__340.jpg,Paper Writing Stationary,MabelAmber,2018,,paper writing stationary letter greeting card note,,CC0
PXB000020,https://pixabay.com/en/forest-girl-trees-fog-lantern-3833973/,https://cdn.pixabay.com/photo/2018/11/23/14/19/forest-3833973_1280.jpg,https://cdn.pixabay.com/photo/2018/11/23/14/19/forest-3833973__340.jpg,Forest Girl Trees,darkmoon1968,2016,,forest girl trees fog lantern lighting atmosphere,Nature/Landscapes,CC0
PXB000007,https://pixabay.com/en/nature-landscape-road-sunbeam-3807916/,https://cdn.pixabay.com/photo/2018/11/11/02/32/nature-3807916_1280.jpg,https://cdn.pixabay.com/photo/2018/11/11/02/32/nature-3807916__340.jpg,Nature Landscape Road,analogicus,ago,,nature landscape road sunbeam evening sun,Nature/Landscapes,CC0
PXB000078,https://pixabay.com/en/military-transport-aircraft-aircraft-3848357/,https://cdn.pixabay.com/photo/2018/11/30/18/59/military-transport-aircraft-3848357_1280.jpg,https://cdn.pixabay.com/photo/2018/11/30/18/59/military-transport-aircraft-3848357__340.jpg,Military Transport Aircraft,neelam279,2018,,military transport aircraft aircraft sky blue,,CC0
PXB000001,https://pixabay.com/en/cactus-plant-green-garden-3829985/,https://cdn.pixabay.com/photo/2018/11/21/16/06/cactus-3829985_1280.jpg,https://cdn.pixabay.com/photo/2018/11/21/16/06/cactus-3829985__340.jpg,Cactus Plant Green,enriquelopezgarre,2018,,cactus plant green garden flowerpot thorny,Nature/Landscapes,CC0
PXB000019,https://pixabay.com/en/heron-wading-bird-animal-wildlife-3851559/,https://cdn.pixabay.com/photo/2018/12/02/16/24/heron-3851559_1280.jpg,https://cdn.pixabay.com/photo/2018/12/02/16/24/heron-3851559__340.jpg,Heron Wading Bird Animal,MabelAmber,2018,,heron wading bird animal wildlife flight flying,Animals,CC0
PXB000021,https://pixabay.com/en/plant-poinsettia-adventsstern-3847920/,https://cdn.pixabay.com/photo/2018/11/30/14/41/plant-3847920_1280.jpg,https://cdn.pixabay.com/photo/2018/11/30/14/41/plant-3847920__340.jpg,Plant Poinsettia Adventsstern,monika1607,2018,,plant poinsettia adventsstern blossom bloom,Nature/Landscapes,CC0
PXB000010,https://pixabay.com/en/thatched-cottage-old-wooden-wagon-3846196/,https://cdn.pixabay.com/photo/2018/11/29/17/52/thatched-cottage-3846196_1280.jpg,https://cdn.pixabay.com/photo/2018/11/29/17/52/thatched-cottage-3846196__340.jpg,Thatched Cottage Old Wooden Wagon,neelam279,2018,,thatched cottage old wooden wagon trees leaves,,CC0
PXB000053,https://pixabay.com/en/watercolour-blue-background-texture-3851536/,https://cdn.pixabay.com/photo/2018/12/02/16/17/watercolour-3851536_1280.jpg,https://cdn.pixabay.com/photo/2018/12/02/16/17/watercolour-3851536__340.jpg,Watercolour Blue Background,stux,2018,,watercolour blue background texture course,Backgrounds/Textures,CC0
PXB000018,https://pixabay.com/en/christmas-market-star-christmas-3854141/,https://cdn.pixabay.com/photo/2018/12/03/19/55/christmas-market-3854141_1280.jpg,https://cdn.pixabay.com/photo/2018/12/03/19/55/christmas-market-3854141__340.jpg,Christmas Market Star,stux,2018,,christmas market star christmas lighting advent,,CC0
PXB000055,https://pixabay.com/en/rooster-chicken-bird-fowl-animal-3851549/,https://cdn.pixabay.com/photo/2018/12/02/16/22/rooster-3851549_1280.jpg,https://cdn.pixabay.com/photo/2018/12/02/16/22/rooster-3851549__340.jpg,Rooster Chicken Bird,MabelAmber,2018,,rooster chicken bird fowl animal head beak eye,Animals,CC0
PXB000016,https://pixabay.com/en/cookies-christmas-biscuits-cookie-3848421/,https://cdn.pixabay.com/photo/2018/11/30/19/35/cookies-3848421_1280.jpg,https://cdn.pixabay.com/photo/2018/11/30/19/35/cookies-3848421__340.jpg,Cookies Christmas Biscuits Cookie,RitaE,2018,,cookies christmas biscuits cookie christmas cookies,,CC0
PXB000092,https://pixabay.com/en/mask-businessman-kaufmann-second-3829017/,https://cdn.pixabay.com/photo/2018/11/21/08/12/mask-3829017_1280.jpg,https://cdn.pixabay.com/photo/2018/11/21/08/12/mask-3829017__340.jpg,Mask Businessman Kaufmann,geralt,ago,,mask businessman kaufmann second face psychology,,CC0
PXB000052,https://pixabay.com/en/butterfly-large-fritillary-color-3823068/,https://cdn.pixabay.com/photo/2018/11/18/12/42/butterfly-3823068_1280.jpg,https://cdn.pixabay.com/photo/2018/11/18/12/42/butterfly-3823068__340.jpg,Butterfly Large Fritillary Color,Capri23auto,2018,,butterfly large fritillary color wing orange,Animals,CC0
PXB000005,https://pixabay.com/en/winter-season-snow-flowers-red-3849594/,https://cdn.pixabay.com/photo/2018/12/01/14/42/winter-3849594_1280.jpg,https://cdn.pixabay.com/photo/2018/12/01/14/42/winter-3849594__340.jpg,Winter Season Snow,rauschenberger,ago,,winter season snow flowers red woman pretty,Beauty/Fashion,CC0
PXB000006,https://pixabay.com/en/street-architecture-traditional-3830093/,https://cdn.pixabay.com/photo/2018/11/21/17/36/street-3830093_1280.jpg,https://cdn.pixabay.com/photo/2018/11/21/17/36/street-3830093__340.jpg,Street Architecture Traditional,dimitrisvetsikas1969,2018,,street architecture traditional stone village,Transportation/Traffic,CC0
PXB000097,https://pixabay.com/en/sunset-mountains-landscape-woman-3832187/,https://cdn.pixabay.com/photo/2018/11/22/15/31/sunset-3832187_1280.jpg,https://cdn.pixabay.com/photo/2018/11/22/15/31/sunset-3832187__340.jpg,Sunset Mountains Landscape,darkmoon1968,ago,,sunset mountains landscape woman balcony person,Travel/Vacation,CC0
PXB000057,https://pixabay.com/en/fox-red-jumping-hunter-hunting-3822455/,https://cdn.pixabay.com/photo/2018/11/18/03/23/fox-3822455_1280.jpg,https://cdn.pixabay.com/photo/2018/11/18/03/23/fox-3822455__340.jpg,Fox Red Jumping,skeeze,2016,,fox red jumping hunter hunting wildlife nature,Nature/Landscapes,CC0
PXB000040,https://pixabay.com/en/fantasy-dark-night-mystic-3836520/,https://cdn.pixabay.com/photo/2018/11/24/23/16/fantasy-3836520_1280.jpg,https://cdn.pixabay.com/photo/2018/11/24/23/16/fantasy-3836520__340.jpg,Fantasy Dark Night,susan-lu4esm,ago,,fantasy dark night mystic fairy tale silhouette,People,CC0
PXB000028,https://pixabay.com/en/christmas-christmas-decorations-3852285/,https://cdn.pixabay.com/photo/2018/12/02/21/49/christmas-3852285_1280.jpg,https://cdn.pixabay.com/photo/2018/12/02/21/49/christmas-3852285__340.jpg,Christmas Decorations,suju,ago,,christmas christmas decorations poinsettia,,CC0
PXB000034,https://pixabay.com/en/water-lily-pond-lake-lily-pad-3849925/,https://cdn.pixabay.com/photo/2018/12/01/18/04/water-lily-3849925_1280.jpg,https://cdn.pixabay.com/photo/2018/12/01/18/04/water-lily-3849925__340.jpg,Water Lily Pond Lake,Capri23auto,2018,,water lily pond lake lily pad blossom bloom bloom,Nature/Landscapes,CC0
PXB000042,https://pixabay.com/en/fox-red-lone-predator-snow-3818359/,https://cdn.pixabay.com/photo/2018/11/15/22/57/fox-3818359_1280.jpg,https://cdn.pixabay.com/photo/2018/11/15/22/57/fox-3818359__340.jpg,Fox Red Lone,skeeze,2014,,fox red lone predator snow wildlife nature wild,Nature/Landscapes,CC0
PXB000037,https://pixabay.com/en/bladder-cherry-flower-lampionblume-3849923/,https://cdn.pixabay.com/photo/2018/12/01/18/03/bladder-cherry-3849923_1280.jpg,https://cdn.pixabay.com/photo/2018/12/01/18/03/bladder-cherry-3849923__340.jpg,Bladder Cherry Flower Lampionblume,Capri23auto,2018,,bladder cherry flower lampionblume physalis,Nature/Landscapes,CC0
PXB000059,https://pixabay.com/en/nuts-walnuts-fruit-bowl-eat-3836408/,https://cdn.pixabay.com/photo/2018/11/24/22/00/nuts-3836408_1280.jpg,https://cdn.pixabay.com/photo/2018/11/24/22/00/nuts-3836408__340.jpg,Nuts Walnuts Fruit Bowl,Couleur,2018,,nuts walnuts fruit bowl eat healthy decoration,,CC0
PXB000048,https://pixabay.com/en/sunrise-branch-geese-wild-shadow-3835497/,https://cdn.pixabay.com/photo/2018/11/24/12/46/sunrise-3835497_1280.jpg,https://cdn.pixabay.com/photo/2018/11/24/12/46/sunrise-3835497__340.jpg,Sunrise Branch Geese,rauschenberger,2018,,sunrise branch geese wild shadow morning trees,Nature/Landscapes,CC0
PXB000039,https://pixabay.com/en/secret-forest-darkness-nature-3818470/,https://cdn.pixabay.com/photo/2018/11/16/00/16/secret-3818470_1280.jpg,https://cdn.pixabay.com/photo/2018/11/16/00/16/secret-3818470__340.jpg,Secret Forest Darkness,jplenio,2018,,secret forest darkness nature trees avenue,Nature/Landscapes,CC0
PXB000027,https://pixabay.com/en/rooster-chicken-bird-fowl-animal-3851549/,https://cdn.pixabay.com/photo/2018/12/02/16/22/rooster-3851549_1280.jpg,https://cdn.pixabay.com/photo/2018/12/02/16/22/rooster-3851549__340.jpg,Rooster Chicken Bird,MabelAmber,2018,,rooster chicken bird fowl animal head beak eye,Animals,CC0
PXB000046,https://pixabay.com/en/christmas-advent-teddy-teddy-bear-3852169/,https://cdn.pixabay.com/photo/2018/12/02/21/02/christmas-3852169_1280.jpg,https://cdn.pixabay.com/photo/2018/12/02/21/02/christmas-3852169__340.jpg,Christmas Advent Teddy,suju,ago,,christmas advent teddy teddy bear bear nicholas,,CC0
PXB000071,https://pixabay.com/en/baby-shoes-children-s-shoes-brown-3846824/,https://cdn.pixabay.com/photo/2018/11/30/00/31/baby-shoes-3846824_1280.jpg,https://cdn.pixabay.com/photo/2018/11/30/00/31/baby-shoes-3846824__340.jpg,Baby Shoes Children'S Brown,Alexas_Fotos,ago,,baby shoes children's shoes brown leather cute,,CC0
PXB000101,https://pixabay.com/en/christmas-christmas-tree-background-3841027/,https://cdn.pixabay.com/photo/2018/11/27/09/02/christmas-3841027_1280.jpg,https://cdn.pixabay.com/photo/2018/11/27/09/02/christmas-3841027__340.jpg,Christmas Tree,monicore,ago,,christmas christmas tree background backdrop green,Backgrounds/Textures,CC0
PXB000043,https://pixabay.com/en/angel-figure-snow-angel-figure-3813807/,https://cdn.pixabay.com/photo/2018/11/13/19/55/angel-3813807_1280.jpg,https://cdn.pixabay.com/photo/2018/11/13/19/55/angel-3813807__340.jpg,Angel Figure Snow,Couleur,2018,,angel figure snow angel figure wing cap star,,CC0
PXB000091,https://pixabay.com/en/patagonia-mountains-landscape-3850248/,https://cdn.pixabay.com/photo/2018/12/01/21/19/patagonia-3850248_1280.jpg,https://cdn.pixabay.com/photo/2018/12/01/21/19/patagonia-3850248__340.jpg,Patagonia Mountains Landscape,ii7017,2018,,patagonia mountains landscape nature meadow wool,Nature/Landscapes,CC0
PXB000032,https://pixabay.com/en/christmas-advent-teddy-teddy-bear-3852168/,https://cdn.pixabay.com/photo/2018/12/02/21/02/christmas-3852168_1280.jpg,https://cdn.pixabay.com/photo/2018/12/02/21/02/christmas-3852168__340.jpg,Christmas Advent Teddy,suju,ago,,christmas advent teddy teddy bear bear nicholas,,CC0
PXB000068,https://pixabay.com/en/animal-bird-raptor-falconidae-3855240/,https://cdn.pixabay.com/photo/2018/12/04/10/03/animal-3855240_1280.jpg,https://cdn.pixabay.com/photo/2018/12/04/10/03/animal-3855240__340.jpg,Animal Bird Raptor,Sky-High,2018,,animal bird raptor falconidae kestrel quarrel,Animals,CC0
PXB000074,https://pixabay.com/en/christmas-christmas-decoration-angel-3843993/,https://cdn.pixabay.com/photo/2018/11/28/15/54/christmas-3843993_1280.jpg,https://cdn.pixabay.com/photo/2018/11/28/15/54/christmas-3843993__340.jpg,Christmas Decoration,Nennieinszweidrei,2018,,christmas christmas decoration angel greeting card,,CC0
PXB000022,https://pixabay.com/en/paper-writing-stationary-letter-3851919/,https://cdn.pixabay.com/photo/2018/12/02/19/27/paper-3851919_1280.jpg,https://cdn.pixabay.com/photo/2018/12/02/19/27/paper-3851919__340.jpg,Paper Writing Stationary,MabelAmber,2018,,paper writing stationary letter greeting card note,,CC0
PXB000038,https://pixabay.com/en/palm-tropical-exotic-nature-sky-3843288/,https://cdn.pixabay.com/photo/2018/11/28/10/21/palm-3843288_1280.jpg,https://cdn.pixabay.com/photo/2018/11/28/10/21/palm-3843288__340.jpg,Palm Tropical Exotic,Konevi,2018,,palm tropical exotic nature sky green leaves,Nature/Landscapes,CC0
PXB000049,https://pixabay.com/en/labrador-hunting-labrador-kind-3839545/,https://cdn.pixabay.com/photo/2018/11/26/14/36/labrador-3839545_1280.jpg,https://cdn.pixabay.com/photo/2018/11/26/14/36/labrador-3839545__340.jpg,Labrador Hunting Kind,Wilda3,2018,,labrador hunting labrador kind bird hunting dogs,Animals,CC0
PXB000066,https://pixabay.com/en/autumn-autumn-leaf-branch-leaf-3832668/,https://cdn.pixabay.com/photo/2018/11/22/19/51/autumn-3832668_1280.jpg,https://cdn.pixabay.com/photo/2018/11/22/19/51/autumn-3832668__340.jpg,Autumn Leaf Branch,Couleur,ago,,autumn autumn leaf branch leaf fall color golden,,CC0
